id,articleType,productDisplayName,link,label
0,Tshirts,Locomotive Men Printed Blue T-shirt,http://assets.myntassets.com/v1/images/style/properties/759f0d0aba98784aca037506c9d3b6bc_images.jpg,0
1,Tshirts,Ed Hardy Men Printed Red Tshirts,http://assets.myntassets.com/v1/images/style/properties/d4e2bad17f33603bac054a9d56dc4ac4_images.jpg,0
2,Tshirts,Inkfruit Men Grey Melange Printed T-shirt,http://assets.myntassets.com/v1/images/style/properties/Inkfruit-Men-Grey-Melange-Printed-T-shirt_d591ff6503a8d100a55a32df509999ca_images.jpg,0
3,Tshirts,Gini and Jony Boys Black T-shirt,http://assets.myntassets.com/v1/images/style/properties/0fbddfb7b4d428055c7ee385bffc655e_images.jpg,0
4,Tshirts,Locomotive Men Beige T-shirt,http://assets.myntassets.com/v1/images/style/properties/Locomotive-Men-Beige-T-shirt_55ef4535000a1de2b74ac012c6486515_images.jpg,0
5,Tshirts,Free Authority Men's Melting Times Blue T-shirt,http://assets.myntassets.com/v1/images/style/properties/bf92d0c1bdb0e5c595e92bdfb53acec9_images.jpg,0
6,Tshirts,Tantra Kid's Unisex Free Spirit Turquoise Kidswear,http://assets.myntassets.com/v1/images/style/properties/1d19395a992830cd6a8d7d1cc36b16c5_images.jpg,0
7,Tshirts,Nike Men Medals Crew White T-Shirts,http://assets.myntassets.com/v1/images/style/properties/a0f666b9805d31f45fb302442bdbfa28_images.jpg,0
8,Tshirts,Locomotive Men's Print Electric Supply Blue T-shirt,http://assets.myntassets.com/v1/images/style/properties/56f6f0c70741d9a0ff42e3b84f1cd679_images.jpg,0
9,Tshirts,Probase Men's Western Highway Black T-shirt,http://assets.myntassets.com/v1/images/style/properties/ec6f593d952a3854353dedfc1533fcbd_images.jpg,0
10,Tshirts,Ed Hardy Men Solid White Tshirts,http://assets.myntassets.com/v1/images/style/properties/e04e4735b265d3cb4d574a6694ef57b4_images.jpg,0
11,Tshirts,UCB Men's Contrast Rib Grey T-shirt,http://assets.myntassets.com/v1/images/style/properties/6c0219b1717f8f130e05bd9fdfa33ab0_images.jpg,0
12,Tshirts,Fila Men's Round Neck Yellow Black T-shirt,http://assets.myntassets.com/v1/images/style/properties/27ad8d1e4093e06772ffae914614f1b5_images.jpg,0
13,Tshirts,John Players Men Stripes White T-Shirt,http://assets.myntassets.com/v1/images/style/properties/ff85d9daf06f622edef3bca1c0f0c07a_images.jpg,0
14,Tshirts,Campbell Men Pack of 3 T-shirt,http://assets.myntassets.com/v1/images/style/properties/448690543c45cd634e22e4b5b442aa30_images.jpg,0
15,Tshirts,ADIDAS Men Lakers Yellow Jersey,http://assets.myntassets.com/v1/images/style/properties/4ec4fece7736760937613aff0374b2a1_images.jpg,0
16,Tshirts,Doodle Boy's Volleyball Champion Black White Kidswear,http://assets.myntassets.com/v1/images/style/properties/8bf8c2293d894430bb7066404c8022a5_images.jpg,0
17,Tshirts,Myntra Women Pink T-shirt,http://assets.myntassets.com/v1/images/style/properties/Myntra-Women-Pink-T-shirt_3915d275d6ae8d28e57a56328df9a3d7_images.jpg,0
18,Tshirts,Inkfruit Men's Avast Ye Beige T-shirt,http://assets.myntassets.com/v1/images/style/properties/c4fe5b9a89fad1c40234ec39921461c9_images.jpg,0
19,Tshirts,Classic Polo Men's Green Polo With Grey Stripes T-shirt,http://assets.myntassets.com/v1/images/style/properties/0307fa6587ea752a0d543fd279cb1b65_images.jpg,0
20,Kurta Sets,Vishudh Women Red & Yellow Churidar Kurta with Dupatta,http://assets.myntassets.com/v1/images/style/properties/71d2598f6e3d7a6cb3c7607f492878dd_images.jpg,1
21,Kurta Sets,Biba Outlet Women Blue & Green Printed Churidar Kurta with Dupatta,http://assets.myntassets.com/v1/images/style/properties/BIBA-Women-Printed-Blue-and-Green-Kurta-Set_0d1cf61b4a1e3bf4089493d6f85a3f20_images.jpg,1
22,Kurta Sets,Biba Women Pink & Brown Printed Churidar Kurta with Dupatta,http://assets.myntassets.com/v1/images/style/properties/8c19b85fa4efdbebbf60e28d5f334bba_images.jpg,1
23,Kurta Sets,Biba Outlet Women White & Green Printed Churidar Kurta with Dupatta,http://assets.myntassets.com/v1/images/style/properties/ff3c81df2d314277435a863aaf793d36_images.jpg,1
24,Kurta Sets,Aneri Women Black & Maroon Salwar Suit,http://assets.myntassets.com/v1/images/style/properties/4d16721ce6d31a02786fa271a40dbc86_images.jpg,1
25,Kurta Sets,Biba Women Yellow & Green Printed Churidar Kurta with Dupatta,http://assets.myntassets.com/v1/images/style/properties/22f0a4f5c40bf92018a0bae8cdd51a94_images.jpg,1
26,Kurta Sets,Biba Women Red Embroidered Churidar Kurta with Dupatta,http://assets.myntassets.com/v1/images/style/properties/ceacde08cf293c4363c96e6062c2a748_images.jpg,1
27,Kurta Sets,Biba Women Green Churidar Kurta with Dupatta,http://assets.myntassets.com/v1/images/style/properties/a0c4aa6787d70313fc9e18a7b1a9ca72_images.jpg,1
28,Kurta Sets,Biba Women Black Printed Churidar Kurta with Dupatta,http://assets.myntassets.com/v1/images/style/properties/981014e2c9131c83bef8d90edf5020c5_images.jpg,1
29,Kurta Sets,Vishudh Women Black & Purple Printed Churidar Kurta with Dupatta,http://assets.myntassets.com/v1/images/style/properties/dc9a25d0825796a6e8c54f0621998845_images.jpg,1
30,Kurta Sets,Vishudh Women Green & Black Churidar Kurta with Dupatta,http://assets.myntassets.com/v1/images/style/properties/b93309da7c182eceb857c921cdcbec43_images.jpg,1
31,Kurta Sets,Biba Women Blue Printed Salwar Suit with Dupatta,http://assets.myntassets.com/v1/images/style/properties/24910de352c22881f7ae30d7ed47b025_images.jpg,1
32,Kurta Sets,Aneri Women Printed Brown Salwar Suit,http://assets.myntassets.com/v1/images/style/properties/bb6de6c5324f4b40d659d7123d7f56b8_images.jpg,1
33,Kurta Sets,Aneri Women Blue & White Salwar Suit,http://assets.myntassets.com/v1/images/style/properties/7ac30a1c1918f28addfcb8e15ae68a7d_images.jpg,1
34,Kurta Sets,Aneri Women Magenta Salwar Suit,http://assets.myntassets.com/v1/images/style/properties/6604021a411d5664bf7212d37e24db73_images.jpg,1
35,Kurta Sets,Biba Women Orange & Purple Printed Churidar Kurta with Dupatta,http://assets.myntassets.com/v1/images/style/properties/48311721ee850d92e93d6f3ac0e99d0a_images.jpg,1
36,Kurta Sets,Vishudh Women Green & Purple Printed Churidar Kurta with Dupatta,http://assets.myntassets.com/v1/images/style/properties/7f95f77f49e19050cfba491f58035d12_images.jpg,1
37,Kurta Sets,Ayaany Women Black Patiala Kurta Set,http://assets.myntassets.com/v1/images/style/properties/Ayaany-Women-Multi-Coloured-Patiala-Kurta-Set_2e6953b5ca0099c07bf1e83d60c1a8ed_images.jpg,1
38,Kurta Sets,Aneri Women Blue & White Printed Salwar Suit,http://assets.myntassets.com/v1/images/style/properties/39ac0cf940b6c67c836fe3431eaa95fd_images.jpg,1
39,Kurta Sets,Fabindia Boys Red & Beige Angarakha Dhoti Set,http://assets.myntassets.com/v1/images/style/properties/736dfce68489f314c48d2da3bebfa301_images.jpg,1
40,Sarees,FNF Red Printed Sari,http://assets.myntassets.com/v1/images/style/properties/Fashion-N-Fabrics-Printed-Red-Sari_603a904be750ba19cf29b3e9de3b19ab_images.jpg,2
41,Sarees,Fabindia Green Tie & Dye Ghicha Striped Saree,http://assets.myntassets.com/v1/images/style/properties/Fabindia-Women-Green-Sari_4e19dda2a95782b5d4b36e23b74c62db_images.jpg,2
42,Sarees,FNF Multi Coloured Printed Sari,http://assets.myntassets.com/v1/images/style/properties/Fashion-N-Fabrics-Multi-Coloured-Sari_8ed32d02443e61eb0add13d1d18ae1ea_images.jpg,2
43,Sarees,FNF Mustard & Purple Evening Wear Sari,http://assets.myntassets.com/v1/images/style/properties/FNF-Mustard---Blue-Sari_5f1580a88ef0bafabb370f875ff22a49_images.jpg,2
44,Sarees,FNF Printed Blue Sari,http://assets.myntassets.com/v1/images/style/properties/Fashion-N-Fabrics-Printed-Blue-Sari_05c59ecd0f5d20a07f5cf525844eb980_images.jpg,2
45,Sarees,Prafful Navy Crepe Printed Saree,http://assets.myntassets.com/v1/images/style/properties/66d3d5d13a181770782bfea100b3f330_images.jpg,2
46,Sarees,FNF Printed Blue Sari,http://assets.myntassets.com/v1/images/style/properties/Fashion-N-Fabrics-Printed-Blue-Sari_ce63b98d3a6c13839693106c0bdf1afa_images.jpg,2
47,Sarees,Prafful Purple & Green Printed Sari,http://assets.myntassets.com/v1/images/style/properties/80ff2b5d0fb83fa3ce069b6bf1c596be_images.jpg,2
48,Sarees,Fabindia H& Printed Grey Cotton Mull Sari,http://assets.myntassets.com/v1/images/style/properties/5b2aa23a36d9485fbe12f2c3b458cab4_images.jpg,2
49,Sarees,FNF Mustard Printed Sari,http://assets.myntassets.com/v1/images/style/properties/Fashion-N-Fabrics-Mustard-Sari_82e60fb88c0f14cb8a145a36f88c71f8_images.jpg,2
50,Sarees,Prafful Green Printed Sari,http://assets.myntassets.com/v1/images/style/properties/Prafful-Green-Printed-Sari_9d2872d86ed77c070f75dde91d474675_images.jpg,2
51,Sarees,Fabindia H& Printed Cream Cotton Sari,http://assets.myntassets.com/v1/images/style/properties/8faa1ed0abb2b1d8912f4e1542819bdf_images.jpg,2
52,Sarees,Prafful Grey & Pink Coloured Printed Sari,http://assets.myntassets.com/v1/images/style/properties/Prafful-Grey---Pink-Coloured-Sari_a941ef529127575368b43fd3c9cb650e_images.jpg,2
53,Sarees,FNF Green & Purple Wedding Collection Sari,http://assets.myntassets.com/v1/images/style/properties/FNF-Green---Purple-Collection-for-Wedding-Sari_aa7c2549ad3d502bf76b065778e95679_images.jpg,2
54,Sarees,FNF Multi Coloured Printed Sari,http://assets.myntassets.com/v1/images/style/properties/Fashion-N-Fabrics-Multi-Coloured-Sari_9a2624e34be88ed804293d1c23e6ec5a_images.jpg,2
55,Sarees,FNF Multi Coloured Printed Sari,http://assets.myntassets.com/v1/images/style/properties/Fashion-N-Fabrics-Multi-Coloured-Sari_376c0b6f664523b908549f518219b359_images.jpg,2
56,Sarees,Prafful Mustard Crepe Printed Sari,http://assets.myntassets.com/v1/images/style/properties/9f73782e09e158ebdabf9ae8916f9e3d_images.jpg,2
57,Sarees,Prafful Maroon Crepe Printed Saree,http://assets.myntassets.com/v1/images/style/properties/325ba3b75ee97cfe93fa81e576a43f20_images.jpg,2
58,Sarees,FNF Printed Blue Sari,http://assets.myntassets.com/v1/images/style/properties/Fashion-N-Fabrics-Printed-Blue-Sari_9bf6e52baf971b344e6ae40fdd6342cc_images.jpg,2
59,Sarees,FNF Pink & Black Collection For Wedding Sari,http://assets.myntassets.com/v1/images/style/properties/FNF-Pink---Black-Collection-For-Wedding-Sari_b651080edf45388f1cbba293e1bfc4ac_images.jpg,2
60,Trousers,Highlander Men Solid Black Trouser,http://assets.myntassets.com/v1/images/style/properties/7bb6f3ddc83a045e2497917eb8f1146e_images.jpg,3
61,Trousers,Highlander Men Solid Beige Trouser,http://assets.myntassets.com/v1/images/style/properties/92a26bdc38fdd27ae723245362981842_images.jpg,3
62,Trousers,Scullers Men Beige Trousers,http://assets.myntassets.com/v1/images/style/properties/40b830e01b25eee921ea6c1ba16f1629_images.jpg,3
63,Trousers,Arrow Men Navy Blue Trousers,http://assets.myntassets.com/v1/images/style/properties/28a046943e6838d4b1fc8cd04919c28f_images.jpg,3
64,Trousers,Mark Taylor Men Striped Black Trousers,http://assets.myntassets.com/v1/images/style/properties/295ab555a999bbe734da6da098e632bf_images.jpg,3
65,Trousers,Turtle Solid Men Grey Trouser,http://assets.myntassets.com/v1/images/style/properties/80a1eaf55a73777aa6acc0aa0da36f38_images.jpg,3
66,Trousers,French Connection Men Navy Blue Trousers,http://assets.myntassets.com/v1/images/style/properties/74a35898696c126d0f2868ce849e94e5_images.jpg,3
67,Trousers,French Connection Men Grey Trousers,http://assets.myntassets.com/v1/images/style/properties/425cf259623494b638fb26abd93b1eb4_images.jpg,3
68,Trousers,Femella Women Black Trousers,http://assets.myntassets.com/v1/images/style/properties/c056ace3027cab7f565b0a8b78d1ef6c_images.jpg,3
69,Trousers,Scullers Men Scul Green Trousers,http://assets.myntassets.com/v1/images/style/properties/6d41fb2d7e5dbb65e804853811144c3d_images.jpg,3
70,Trousers,Peter England Men Stripes Charcoal Trouser,http://assets.myntassets.com/v1/images/style/properties/9fbf62acb109790ee9cf91bf5594cf5c_images.jpg,3
71,Trousers,Gini Jony Boys Khaki Trousers,http://assets.myntassets.com/v1/images/style/properties/4e168b6644148e3611b4318bfc187550_images.jpg,3
72,Trousers,United Colors of Benetton Green Trouser,http://assets.myntassets.com/v1/images/style/properties/United-Colors-of-Benetton-Green-Trouser_29005e896e9d76a457a7f1c280ca4448_images.jpg,3
73,Trousers,Arrow Men  Autoflex Brown Trousers,http://assets.myntassets.com/v1/images/style/properties/1143a143a8988bf09db9a7dab4cb48db_images.jpg,3
74,Trousers,Gini and Jony Kids Solid Beige Trousers,http://assets.myntassets.com/v1/images/style/properties/8c72a6e386795f09943214e8bfea00aa_images.jpg,3
75,Trousers,Highlander Men Brown Trousers,http://assets.myntassets.com/v1/images/style/properties/833d5af5931bc49db3509fd04a61cf4e_images.jpg,3
76,Trousers,John Miller Men Dark Grey Trousers,http://assets.myntassets.com/v1/images/style/properties/987d4390421e951dafe4bfdaba57f5fd_images.jpg,3
77,Trousers,Mark Taylor Men Striped Charcoal Trousers,http://assets.myntassets.com/v1/images/style/properties/6cd4fab5131d983fa6f2d8acb92f9582_images.jpg,3
78,Trousers,Indigo Nation Men Solid Blue Trousers,http://assets.myntassets.com/v1/images/style/properties/581781ee5484f42f252e3ff07f7cd65f_images.jpg,3
79,Trousers,Turtle Men Black Trousers,http://assets.myntassets.com/v1/images/style/properties/44d49213b5eca0c88116f3687349590b_images.jpg,3
80,Watches,Fossil Women White Dial Watch AM4183,http://assets.myntassets.com/v1/images/style/properties/be6302101b3ea29b13c46259da433233_images.jpg,4
81,Watches,Fastrack Men Black Dial Watch,http://assets.myntassets.com/v1/images/style/properties/feb8a25b59215573315ae2e37a53cd0f_images.jpg,4
82,Watches,CASIO ENTICER Men Black Dial Analogue Watch A582,http://assets.myntassets.com/v1/images/style/properties/Casio-Men-Blue-Dial-Watch_7ea004e7a963c3900fc77e79e6d1b9db_images.jpg,4
83,Watches,Titan Women Black Watch,http://assets.myntassets.com/v1/images/style/properties/5f8a1e048e058aca7fffcb0fdcbeb88a_images.jpg,4
84,Watches,Fastrack Men Black Dial Watch N9336SL03,http://assets.myntassets.com/v1/images/style/properties/1328a5fd3667d2c60b82e4168ade41a7_images.jpg,4
85,Watches,Titan Men Cream Dial Watch,http://assets.myntassets.com/v1/images/style/properties/ee08b177d19af204fbf51536bfffa4d9_images.jpg,4
86,Watches,Maxima Men White Dial Chronograph Watch,http://assets.myntassets.com/v1/images/style/properties/Maxima-Men-White-Chronograph-Watch_33d02afe1fb27affb1b5dcbbb173b8bb_images.jpg,4
87,Watches,Puma Men Visor Multifunction Silver white Black Watches,http://assets.myntassets.com/v1/images/style/properties/7132e99d7dc8c10fb0017bb8c56ea34a_images.jpg,4
88,Watches,Police Men Grey Dial Watch PL12698JSU,http://assets.myntassets.com/v1/images/style/properties/Police-Men-Grey-Dial-Watch_2241cc286bfdbad72e531e59770b6e0b_images.jpg,4
89,Watches,Citizen Women White Dial Watch,http://assets.myntassets.com/v1/images/style/properties/0f19a96b85e401551bf74fa8dc022d9e_images.jpg,4
90,Watches,Miss Sixty Black Dial Watch,http://assets.myntassets.com/v1/images/style/properties/Miss-Sixty-Black-Dial-Watch_02d415b79a259391309acb9f7d8f361c_images.jpg,4
91,Watches,Fastrack Women Denim Analogue Steel Watch,http://assets.myntassets.com/v1/images/style/properties/9fa4929c4fb0fba28aa035f2bd2b7326_images.jpg,4
92,Watches,CASIO Sheen Women Red Dial Chronograph Watch SX029 SHE-5017L-4ADF,http://assets.myntassets.com/v1/images/style/properties/Casio-Women-Sheen-Red-Watch_a33fd77cef8b17a426a0023c04b3cb92_images.jpg,4
93,Watches,Maxima Men White Chronograph Watch,http://assets.myntassets.com/v1/images/style/properties/Maxima-Men-White-Chronograph-Watch_368934e12887654561e98414304aefcb_images.jpg,4
94,Watches,Casio Enticer Men Black Analogue Watches (A501) MTD-1065B-1A2VDF,http://assets.myntassets.com/v1/image/style/properties/37295/Casio-Men-Black-Watch_1_910aa27dbdda015cebfb74207142191d.jpg,4
95,Watches,Fossil Men White Dial Chronograph Watch FS4716,http://assets.myntassets.com/v1/images/style/properties/4fff3bf54a4bc77c161499196dfdeb1b_images.jpg,4
96,Watches,Q&Q Women White Dial Watch,http://assets.myntassets.com/v1/images/style/properties/Q-Q-Women-White-Dial-Watch_4f8e7b2ec71cd9921a34cd7fac66467d_images.jpg,4
97,Watches,Fastrack Women Red Dial Watch,http://assets.myntassets.com/v1/images/style/properties/Fastrack-Women-Black-Watch_05fa05d471ea71e01a4b18a4d5f89dea_images.jpg,4
98,Watches,Fossil Unisex Gold-Toned Dial Chronograph Watch FS4724,http://assets.myntassets.com/v1/images/style/properties/4ad3fe5e7af395e6d75f19588c71f5be_images.jpg,4
99,Watches,Maxima Ssteele Women Black Watch,http://assets.myntassets.com/v1/images/style/properties/0e0e9558a89f2fe55ec5df2521982df3_images.jpg,4
100,Sandals,Coolers Men Black Sandals,http://assets.myntassets.com/v1/images/style/properties/f8ce064d16e9c2784ace861e1ac116a4_images.jpg,5
101,Sandals,U.S. Polo Assn. Men Black Sandals,http://assets.myntassets.com/v1/images/style/properties/9da8c51ed41a9ced511bd0a742075fdd_images.jpg,5
102,Sandals,iD Men Casual Leather/Felt Charcoal Sandal,http://assets.myntassets.com/v1/images/style/properties/d822496a610c7bc0cf7ebaffe83ea37b_images.jpg,5
103,Sandals,ADIDAS Men Kendall Black Grey Floater,http://assets.myntassets.com/v1/images/style/properties/c860e70b6d1b387f44ee3dc931dd8c0f_images.jpg,5
104,Sandals,Red Tape Men Strappy Black Floater,http://assets.myntassets.com/v1/images/style/properties/ee45b8fcfca7d478d7ff4a08132c9cc2_images.jpg,5
105,Sandals,Fila Men Aruba Navy Grey Sandal,http://assets.myntassets.com/v1/images/style/properties/fb000ac68a4b88a61baf66962530fb88_images.jpg,5
106,Sandals,Lotto Men Caesar Cross Black Sandals,http://assets.myntassets.com/v1/images/style/properties/fe6eb51c5645972cf15b61a93dd0e74a_images.jpg,5
107,Sandals,Enroute Men Leather Black Sandals,http://assets.myntassets.com/v1/images/style/properties/703cc2d9c8887e9b52a12a96b7a6f8e4_images.jpg,5
108,Sandals,Gliders Men Black Sandals,http://assets.myntassets.com/v1/images/style/properties/Gliders-Men-Black-Sandals_d1a79bbabf9a56d78caed4bef2147729_images.jpg,5
109,Sandals,ADIDAS Men Pural Black Sandals,http://assets.myntassets.com/v1/images/style/properties/62b158e29956f4ed64e47cc9180b4901_images.jpg,5
110,Sandals,Woodland Men Khaki Casual Sandals,http://assets.myntassets.com/v1/images/style/properties/3ef75c4d060b591951c782465cc18ae7_images.jpg,5
111,Sandals,Lee Cooper Men Brown Sandals,http://assets.myntassets.com/v1/images/style/properties/794833e1539117544b67545beb6f4a4e_images.jpg,5
112,Sandals,Ganuchi Men Brown Sandals,http://assets.myntassets.com/v1/images/style/properties/e232499c77cf99d8b2eba753a5461c2e_images.jpg,5
113,Sandals,Warner Bros Kids Girls TW Big Facelog Pink Sandals,http://assets.myntassets.com/v1/images/style/properties/8ad706ccc4bc13e411db84c46b3e1d3e_images.jpg,5
114,Sandals,Lee Cooper Men Black  Sandals,http://assets.myntassets.com/v1/images/style/properties/Lee-Cooper-Men-Black-Sandals_42a67372a7abcdfcbc1b3f022aa01f64_images.jpg,5
115,Sandals,Lee Cooper Men  Brown Sandal,http://assets.myntassets.com/v1/images/style/properties/35603b8168a611a25252a693924c7916_images.jpg,5
116,Sandals,Clarks Men Grey Sandals,http://assets.myntassets.com/v1/images/style/properties/Clarks-Men-Grey-Sandals_0059db2f7beb429e4926a408a3485aae_images.jpg,5
117,Sandals,Warner Bros Kids Girls TW Rainbow Clog Pink Sandals,http://assets.myntassets.com/v1/images/style/properties/4705aa038107a89b45b42b7d28f100f5_images.jpg,5
118,Sandals,ADIDAS Men Black Alumin Sandal,http://assets.myntassets.com/v1/images/style/properties/a97106d141d7dba3a2837a1be20bb4ee_images.jpg,5
119,Sandals,Lee Cooper Men Black  Sandals,http://assets.myntassets.com/v1/images/style/properties/Lee-Cooper-Men-Black-Sandals_1b0f7922cd4ca61ee33d35927163a007_images.jpg,5
120,Kurtas,Vishudh Women Green White & Green Kurta,http://assets.myntassets.com/v1/images/style/properties/b45d1abc8caf452516434fb3b49c17eb_images.jpg,6
121,Kurtas,ALayna Women Green Kurta,http://assets.myntassets.com/v1/images/style/properties/ALayna-Women-Green-Kurta_4029861d1ebde78831fad45de3b00a34_images.jpg,6
122,Kurtas,Mother Earth Women Sajiya Collt White Kurtas,http://assets.myntassets.com/v1/images/style/properties/fe948a7c9eb8e95401c0ef99aab9a2b4_images.jpg,6
123,Kurtas,Vishudh Women Printed Blue Kurta,http://assets.myntassets.com/v1/images/style/properties/76bc1043a94b3aebdfcabff07ab8a2d8_images.jpg,6
124,Kurtas,Diva Women Printed Blue Kurta,http://assets.myntassets.com/v1/images/style/properties/Diva-Women-Printed-Blue-Kurta_1e53070063a0891f75ef73dbcbbb4a07_images.jpg,6
125,Kurtas,W Women Brown Printed Kurta,http://assets.myntassets.com/v1/images/style/properties/c0c519b1032c7ae11a2a65b1c82e50db_images.jpg,6
126,Kurtas,Myntra Women Red Printed Kurta,http://assets.myntassets.com/v1/images/style/properties/59b3759397be492a42f479fa3fea7ce9_images.jpg,6
127,Kurtas,Vishudh Women Black & White Kurta,http://assets.myntassets.com/v1/images/style/properties/Vishudh-Women-Black-Kurta_127da323edc4ae665b42dd306d00cef6_images.jpg,6
128,Kurtas,Folklore Women Printed Pink Kurta,http://assets.myntassets.com/v1/images/style/properties/c256cd15dde7de57dadaaf898405b060_images.jpg,6
129,Kurtas,ALayna Women Printed White Kurta,http://assets.myntassets.com/v1/images/style/properties/ALayna-Women-Printed-White-Kurta_ddd8a208fbf2bdf6dc9465ef6592a62f_images.jpg,6
130,Kurtas,Vishudh Women Printed Maroon Kurta,http://assets.myntassets.com/v1/images/style/properties/b86cec87e2bc2c2bf346d9e354e9fd11_images.jpg,6
131,Kurtas,W Women Solid Green Kurtas,http://assets.myntassets.com/v1/images/style/properties/a6fa62c86816c8b4c4863cf03333fd45_images.jpg,6
132,Kurtas,ALayna Women Navy Blue Kurta,http://assets.myntassets.com/v1/images/style/properties/ALayna-Women-Navy-Blue-Kurta_eaa7547bc7c2844eb7b15c48864f3243_images.jpg,6
133,Kurtas,Aneri Women Red Kurta,http://assets.myntassets.com/v1/images/style/properties/464646a4968f742e050d90c986e42fa2_images.jpg,6
134,Kurtas,Mother Earth Women Pink Printed Kurta,http://assets.myntassets.com/v1/images/style/properties/55048c44fc22551e11bcb99a41058c52_images.jpg,6
135,Kurtas,Aneri Women Niti Purple Kurta,http://assets.myntassets.com/v1/images/style/properties/0a4b5cf3d73fdb086f14b6cec17d9930_images.jpg,6
136,Kurtas,BIBA Women Ethnic White Kurta,http://assets.myntassets.com/v1/images/style/properties/338a01c824e0294d8fd780e3b2c0312c_images.jpg,6
137,Kurtas,W Women Printed Purple  Kurtas,http://assets.myntassets.com/v1/images/style/properties/46120cf5c46209fb536a4860cfdb0b5c_images.jpg,6
138,Kurtas,Aneri Women Black & White Printed Kurta,http://assets.myntassets.com/v1/images/style/properties/cb0bb7c8312132749453e727e0cce2f0_images.jpg,6
139,Kurtas,Aneri Women Niti Blue Kurta,http://assets.myntassets.com/v1/images/style/properties/e87ce1dce9b73ae8319a788696e98221_images.jpg,6
140,Swimwear,Nabaiji Swimming Goggles Blue Black,http://assets.myntassets.com/v1/images/style/properties/332172e96e45f1a6d5ba979215736176_images.jpg,7
141,Swimwear,Nabaiji Women Solid Black Swimsuit,http://assets.myntassets.com/v1/images/style/properties/24fbe91c6ebc5cf3f441e8ba8763e44d_images.jpg,7
142,Swimwear,ADIDAS Kid's Light Aqua Swimming Cap,http://assets.myntassets.com/v1/images/style/properties/0379706b9d519b16d5a412ec57e32d94_images.jpg,7
143,Swimwear,Amante Black Swimsuit WCSD04,http://assets.myntassets.com/v1/images/style/properties/Amante-Women-Black-Swimwear_113382822585ee13064fe85c0fa21ef7_images.jpg,7
144,Swimwear,Nabaiji Unisex Pink Swimming Cap,http://assets.myntassets.com/v1/images/style/properties/9991e867a8936d82c5e09778a156819f_images.jpg,7
145,Swimwear,Nabaiji Women Cross-back Swimsuit,http://assets.myntassets.com/v1/images/style/properties/62289070b5b040f0c12e6945a9c351a9_images.jpg,7
146,Swimwear,Amante Brown Swimsuit WFSD06,http://assets.myntassets.com/v1/images/style/properties/Amante-Women-Brown-Swimwear_327eefaf55ad51ac5fc3c7949dda9633_images.jpg,7
147,Swimwear,Nabaiji Women Black Swimsuit,http://assets.myntassets.com/v1/images/style/properties/Domyos-Women-Tank-Classic-Black-Top_415b93d1f5e91c4d048cbc543ab0cec9_images.jpg,7
148,Swimwear,Nabaiji Women Black Swimsuit,http://assets.myntassets.com/v1/images/style/properties/6360a8d5b563ced00924a85b5484f78f_images.jpg,7
149,Swimwear,ADIDAS Unisex Black White Swimming Cap,http://assets.myntassets.com/v1/images/style/properties/723d947fd3722a251734359f4d19ae40_images.jpg,7
150,Swimwear,Amante Pink & Blue Swimwear,http://assets.myntassets.com/v1/images/style/properties/Amante-Women-Magenta-Swimwear_62395f2f6f027606ea69ff58d531489a_images.jpg,7
151,Swimwear,Nabaiji Unisex Black Silicone Swimming Cap,http://assets.myntassets.com/v1/images/style/properties/b93de749cb5672714d702e90b8661031_images.jpg,7
152,Swimwear,Amante Magenta Swimsuit WFSD05,http://assets.myntassets.com/v1/images/style/properties/Amante-Women-Magenta-Swimwear_ff80ccae6210be8d2573a0e33355f77f_images.jpg,7
153,Swimwear,Amante Black Swimsuit WCSD07,http://assets.myntassets.com/v1/images/style/properties/5880dbff1db9c2807c52e623dcf15df8_images.jpg,7
154,Swimwear,ADIDAS Women Swimming Purple Cap,http://assets.myntassets.com/v1/images/style/properties/386c1c676297205feadf54605af2e1ee_images.jpg,7
155,Swimwear,Amante Brown & Green Swimsuit WCSD03,http://assets.myntassets.com/v1/images/style/properties/Amante-Women-Brown-Swimwear_74b1cb90d04ff3edb123575624df5d27_images.jpg,7
156,Swimwear,ADIDAS Women Stripe Black Swimming Cap,http://assets.myntassets.com/v1/images/style/properties/578e4ab92efcec9a6f64e868b0fa9dec_images.jpg,7
157,Nightdress,Red Rose Pink & White Nightdress,http://assets.myntassets.com/v1/images/style/properties/Red-Rose-Pink---White-Nightdress_bbacfa5cdae683d89369720f412a2d3a_images.jpg,8
158,Nightdress,Red Rose Women Blue Nightdress,http://assets.myntassets.com/v1/images/style/properties/Red-Rose-Women-Blue-Nightdress_2943c7eea0b11e5aeabd56a272e56d36_images.jpg,8
159,Nightdress,Avirate Black Babydoll Nightdress,http://assets.myntassets.com/v1/images/style/properties/Avirate-Black-Babydoll-Nightdress_bbd876b91f9eddc154de5fb4f5206472_images.jpg,8
160,Nightdress,Red Rose Women White Nightdress,http://assets.myntassets.com/v1/images/style/properties/Red-Rose-Women-White-Nightdress_7eb009b59d65a3ba24d04ab3a9109ed4_images.jpg,8
161,Nightdress,Bwitch Pink Nightdress,http://assets.myntassets.com/v1/images/style/properties/0c25e3e2f24b9c0996e5357d4c8ea6b5_images.jpg,8
162,Nightdress,Red Rose Women Cream Nightdress,http://assets.myntassets.com/v1/images/style/properties/Red-Rose-Women-Cream-Nightdress_7b2a184c2b1fd85db02c75e4fd49b3ff_images.jpg,8
163,Nightdress,Red Rose Women Pink Nightdress,http://assets.myntassets.com/v1/images/style/properties/Red-Rose-Women-Pink-Nightdress_367cf1208e8a0b2b9295d22783223160_images.jpg,8
164,Nightdress,Red Rose Women Blue Nightdress,http://assets.myntassets.com/v1/images/style/properties/Red-Rose-Women-Blue-Nightdress_c67657ee471a28349925ba745c14d685_images.jpg,8
165,Nightdress,Red Rose Maroon Nightdress,http://assets.myntassets.com/v1/images/style/properties/Red-Rose-Maroon-Nightdress_023a561130bff3a6cb94c39a11f1ecdf_images.jpg,8
166,Nightdress,SDL by Sweet Dreams Women Pink Nightdress,http://assets.myntassets.com/v1/images/style/properties/SDL-by-Sweet-Dreams-Women-Pink-Nightdress_edf5715204f780da9f33c07eb5e96957_images.jpg,8
167,Nightdress,SDL by Sweet Dreams Women Pista Green Nightdress,http://assets.myntassets.com/v1/images/style/properties/SDL-by-Sweet-Dreams-Women-Blue-Nightdress_0d31a7a6b4957c02ef84e54aa658c8c9_images.jpg,8
168,Nightdress,Avirate Cream Nightdress,http://assets.myntassets.com/v1/images/style/properties/Avirate-Cream-Nightdress_ffd0574723d893ab554538a1747b6b7d_images.jpg,8
169,Nightdress,Red Rose Women Blue Nightdress,http://assets.myntassets.com/v1/images/style/properties/Red-Rose-Women-Blue-1031SkyNight-Gowns-Nightdress_11aca95b3564946782441fcb2a0dc639_images.jpg,8
170,Nightdress,Femella Women Pink Nightdress,http://assets.myntassets.com/v1/images/style/properties/329ecf5ffe4e4271c81384da709d755d_images.jpg,8
171,Nightdress,Red Rose Women Green Nightdress,http://assets.myntassets.com/v1/images/style/properties/Red-Rose-Women-Green-Nightdress_045d1d3724255edc77a291fdba031167_images.jpg,8
172,Nightdress,Red Rose Women Black Nightdress,http://assets.myntassets.com/v1/images/style/properties/Red-Rose-Women-Black-Nightdress_83f97704aa4413ba445863ca739b4472_images.jpg,8
173,Nightdress,Red Rose Red & Black Nightdress,http://assets.myntassets.com/v1/images/style/properties/Red-Rose-Red---Black-Nightdress_8763ff7cad635a1d158ae8361f79398d_images.jpg,8
174,Nightdress,Red Rose Women Blue Nightdress,http://assets.myntassets.com/v1/image/style/properties/52340/Red-Rose-Women-Blue-Nightdress_1_d56fb81061541a9f226a12385f6e0fb4.jpg,8
175,Nightdress,Red Rose Women Off White Nightdress,http://assets.myntassets.com/v1/images/style/properties/Red-Rose-Women-Green-Nightdress_fb39272ad91fc8d074a8a4fd479793ce_images.jpg,8
176,Nightdress,Bwitch Red Nightdress,http://assets.myntassets.com/v1/images/style/properties/9c746dc7912f30d4408b9590e3f0bc3d_images.jpg,8
177,Shirts,Mark Taylor Men White Striped Shirt,http://assets.myntassets.com/v1/images/style/properties/d8a4ab750b4eb281bcbfb6dc7014c56d_images.jpg,9
178,Shirts,Arrow Woman Sylvia Blue Shirt,http://assets.myntassets.com/v1/images/style/properties/56885bd9de5093654b1a57ea1b3ad074_images.jpg,9
179,Shirts,Locomotive Men Check Ladislav Purple Shirts,http://assets.myntassets.com/v1/images/style/properties/c28efc7c216ad0b04df870974ba72860_images.jpg,9
180,Shirts,Highlander Men Solid Poplin Purple Shirts,http://assets.myntassets.com/v1/images/style/properties/6ce4069d7343e2b3c694c8eb35d2b190_images.jpg,9
181,Shirts,Belmonte Men Check Blue Shirts,http://assets.myntassets.com/v1/images/style/properties/7e6631b385ebfb86887e43987b9e8e63_images.jpg,9
182,Shirts,Arrow Men Lavender Unstainable Slim Fit Shirt,http://assets.myntassets.com/v1/images/style/properties/Arrow-Men-Lavender-Slim-Fit-Shirt_8135f9f41f4b77535ae7d7b35679eea8_images.jpg,9
183,Shirts,Mark Taylor Men Brown Striped Shirt,http://assets.myntassets.com/v1/images/style/properties/d7b4006443982fa0c48605791c08f64f_images.jpg,9
184,Shirts,Indigo Nation Men Plain Light Blue Shirts,http://assets.myntassets.com/v1/images/style/properties/16d2382f9a1b4cff80365d6b631d9119_images.jpg,9
185,Shirts,ADIDAS Men Blue & Black Check Shirt,http://assets.myntassets.com/v1/images/style/properties/f2b0e65922bc2a7d1dc5b65356bcb126_images.jpg,9
186,Shirts,United Colors of Benetton Men Navy Blue Shirt,http://assets.myntassets.com/v1/images/style/properties/United-Colors-of-Benetton-Men-Black-Shirt_ac98c6920eabc338e09e644f1efebb19_images.jpg,9
187,Shirts,Highlander Men Blue Checked Haddon Slim Fit Shirt,http://assets.myntassets.com/v1/images/style/properties/7d9d0d2ce1e58548498250cc0c7f8ca8_images.jpg,9
188,Shirts,United Colors of Benetton Men Blue Shirt,http://assets.myntassets.com/v1/images/style/properties/e824457a5e67c8797b61b34d0529634c_images.jpg,9
189,Shirts,Indigo Nation Men Bling Blue Shirts,http://assets.myntassets.com/v1/images/style/properties/48a7c4829456611051bd7641a4b01e37_images.jpg,9
190,Shirts,Wrangler Women Rose Bouquet White Orange Shirt,http://assets.myntassets.com/v1/images/style/properties/bd7049bc2b9721aa2d4c2a2130d89821_images.jpg,9
191,Shirts,Myntra Men Navy Blue & Orange Check Shirt,http://assets.myntassets.com/v1/images/style/properties/4e6e5fd4386c5118d6c593c6afd46445_images.jpg,9
192,Shirts,Turtle Men Check Red Shirt,http://assets.myntassets.com/v1/images/style/properties/8f60a52265b6eb1352cea2e63551250e_images.jpg,9
193,Shirts,Wrangler Women Holly Checks Shirt,http://assets.myntassets.com/v1/images/style/properties/5189823f7541e58ea6cc943af6bd1f78_images.jpg,9
194,Shirts,Indigo Nation Men Bling  Blue Shirt,http://assets.myntassets.com/v1/images/style/properties/9f9eb340747ce6865d6e5332c5a17948_images.jpg,9
195,Shirts,Indigo Nation Men Check Purple Shirts,http://assets.myntassets.com/v1/images/style/properties/0436cccc26bd6e6ed43ab28187268f57_images.jpg,9
196,Shirts,Reid & Taylor Men White Shirt,http://assets.myntassets.com/v1/images/style/properties/Reid---Taylor-Men-White-Shirt_7868945b6d3a95140b08b1719b0092f1_images.jpg,9
